method,TOP-k,Sketch_depth,Sketch_width,Memory_Top,Memory_Sketch,Executio_ time,Find,Precision_Top,ARE(Top),AAE(Top),ARE(All),AAE(All)
my,512,64,128,4272,36352,2526.641,476,0.9297,0.007799,56.042969,0.998298,16.329951
my,512,128,128,4272,72704,2565.31,480,0.9375,0.008,58.736328,0.997914,16.291819
ss,512,,,4272,,3229.676,223,0.4355,0.233021,6988.691406,,
ss,1024,,,9024,,5715.104,558,0.5449,0.212992,3063.655273,,
