Sketch,Memory,Precision,Execution,TopARE,TopAAE
128*8,157,0.477,436.218,0.006666012,50.70345257
200*8,261,0.614,384.818,0.005178644,39.39014149
300*8,354,0.733,351.218,0.004337909,32.99528905
400*8,517,0.808,343.501,0.003935257,29.93260752
500*8,606,0.849,372.681,0.003754058,28.55436467
600*8,695,0.882,306.745,0.003605088,27.42125496
700*8,928,0.906,299.361,0.003509589,26.6948641
800*8,1015,0.911,293.644,0.003490327,26.54835003
